{"cameraMode":{"drawMode":0,"name":"Shaded","section":"Shading Mode"},"sceneLighting":true,"audioPlay":false,"sceneViewState":{"showFog":true,"showMaterialUpdate":false,"showSkybox":true,"showFlares":true,"showImageEffects":true,"showParticleSystems":true},"in2DMode":false,"pivot":{"x":13.394665718078614,"y":8.901917457580567,"z":58.60315704345703},"rotation":{"x":-0.1528043895959854,"y":-0.2894597351551056,"z":0.04686769098043442,"w":-0.9437517523765564},"size":16.116514205932618,"orthographic":false}